{
  "final_epoch": 50,
  "accuracy": 0.9460641201936953,
  "f1_score": 0.9460641201936953,
  "precision": 0.9353369826471483,
  "recall": 0.9147652524712198,
  "auc_macro": 0.9814297482582018
}